<?xml version="1.0" encoding="UTF-16"?>
<Task version="1.2" xmlns="http://schemas.microsoft.com/windows/2004/02/mit/task">
  <RegistrationInfo>
    <Author>AutoCertNow.com</Author>
    <Description>Executes AutoCert.exe within a specific security context.</Description>
    <Documentation>
        1) Import "AutoCertTask.xml" into Task Scheduler.
        2) Use this task to run "AutoCert.exe" in the "SYSTEM" security context.
        3) The software will run in "-Auto -Setup" mode. Check the AutoCert log.
        4) This task should only be used manually. It should NOT be automated.
    </Documentation>
    <URI>\AutoCertTask</URI>
  </RegistrationInfo>
  <Triggers />
  <Principals>
    <Principal id="Author">
      <UserId>SYSTEM</UserId>
      <RunLevel>HighestAvailable</RunLevel>
    </Principal>
  </Principals>
  <Settings>
    <MultipleInstancesPolicy>IgnoreNew</MultipleInstancesPolicy>
    <DisallowStartIfOnBatteries>false</DisallowStartIfOnBatteries>
    <StopIfGoingOnBatteries>false</StopIfGoingOnBatteries>
    <AllowHardTerminate>true</AllowHardTerminate>
    <StartWhenAvailable>false</StartWhenAvailable>
    <RunOnlyIfNetworkAvailable>false</RunOnlyIfNetworkAvailable>
    <IdleSettings>
      <StopOnIdleEnd>true</StopOnIdleEnd>
      <RestartOnIdle>false</RestartOnIdle>
    </IdleSettings>
    <AllowStartOnDemand>true</AllowStartOnDemand>
    <Enabled>true</Enabled>
    <Hidden>false</Hidden>
    <RunOnlyIfIdle>false</RunOnlyIfIdle>
    <WakeToRun>false</WakeToRun>
    <ExecutionTimeLimit>PT72H</ExecutionTimeLimit>
    <Priority>7</Priority>
  </Settings>
  <Actions Context="Author">
    <Exec>
      <Command>C:\ProgramData\AutoCert\AutoCert.exe</Command>
      <Arguments>-Auto -Setup</Arguments>
    </Exec>
  </Actions>
</Task>
